Nthreads, Throughput(Kops/sec),List_size,Workload,Runtime(sec)
1, 212.49,1024,(20/40/40),10
1, 25.46,8192,(20/40/40),10
2, 179.13,1024,(20/40/40),10
2, 21.03,8192,(20/40/40),10
4, 282.26,1024,(20/40/40),10
4, 35.74,8192,(20/40/40),10
8, 429.30,1024,(20/40/40),10
8, 64.33,8192,(20/40/40),10
16, 200.31,1024,(20/40/40),10
16, 39.72,8192,(20/40/40),10
32, 266.93,1024,(20/40/40),10
32, 49.24,8192,(20/40/40),10
64, 273.71,1024,(20/40/40),10
64, 81.67,8192,(20/40/40),10